<?xml version="1.0"?>
<Column xmlns:xsd="http://www.w3.org/2001/XMLSchema" xmlns:xsi="http://www.w3.org/2001/XMLSchema-instance">
  <id>742ac26c-3509-4437-bc70-955fd4b465c2</id>
  <name>UsernameColumn</name>
  <parentId>b45e90d3-0303-4267-8578-9dede897e5d6</parentId>
  <path>/Dev_denis/UsernameColumn</path>
  <properties />
  <parameterReferences xsi:nil="true" />
  <filterColumns xsi:nil="true" />
  <calculation>%1</calculation>
  <dataType>clob</dataType>
  <drillable>false</drillable>
  <sourceColumns>
    <column>
      <dataSourceId>39b963a4-890a-4ac6-8532-6f9cf7a9decb</dataSourceId>
      <dataSourceName>BIVC data source</dataSourceName>
      <schema>dbo</schema>
      <catalog>AlertingAndMonitoringForDev</catalog>
      <table>Users</table>
      <column>UserName</column>
    </column>
  </sourceColumns>
  <aggregationKeys />
</Column>