<?xml version="1.0"?>
<Column xmlns:xsd="http://www.w3.org/2001/XMLSchema" xmlns:xsi="http://www.w3.org/2001/XMLSchema-instance">
  <id>b4a18067-19fb-40d1-8b7a-2f875383b312</id>
  <name>PageNameColumn</name>
  <parentId>b45e90d3-0303-4267-8578-9dede897e5d6</parentId>
  <path>/Dev_denis/PageNameColumn</path>
  <properties />
  <parameterReferences xsi:nil="true" />
  <filterColumns xsi:nil="true" />
  <calculation>%1</calculation>
  <dataType>string</dataType>
  <drillable>false</drillable>
  <sourceColumns>
    <column>
      <dataSourceId>39b963a4-890a-4ac6-8532-6f9cf7a9decb</dataSourceId>
      <dataSourceName>BIVC data source</dataSourceName>
      <schema>dbo</schema>
      <catalog>FeedbackTool</catalog>
      <table>Feedbacks</table>
      <column>PageName</column>
    </column>
  </sourceColumns>
  <aggregationKeys />
</Column>