<?xml version="1.0"?>
<Column xmlns:xsd="http://www.w3.org/2001/XMLSchema" xmlns:xsi="http://www.w3.org/2001/XMLSchema-instance">
  <id>99e478d9-b121-49e7-97a3-6b4a2cd6e8ec</id>
  <name>TemplateNameColumn</name>
  <parentId>0f33198c-66df-4ec3-837f-327155c1c871</parentId>
  <path>/Dev_denis/Sub2/TemplateNameColumn</path>
  <properties />
  <parameterReferences xsi:nil="true" />
  <filterColumns xsi:nil="true" />
  <calculation>%1</calculation>
  <dataType>string</dataType>
  <drillable>false</drillable>
  <sourceColumns>
    <column>
      <dataSourceId>39b963a4-890a-4ac6-8532-6f9cf7a9decb</dataSourceId>
      <dataSourceName>BIVC data source</dataSourceName>
      <schema>dbo</schema>
      <catalog>OneClickSupport</catalog>
      <table>Template</table>
      <column>TemplateName</column>
    </column>
  </sourceColumns>
  <aggregationKeys />
</Column>