<?xml version="1.0"?>
<InformationLink xmlns:xsd="http://www.w3.org/2001/XMLSchema" xmlns:xsi="http://www.w3.org/2001/XMLSchema-instance">
  <id>56a2dd04-11b1-4519-b800-7646a53c23ef</id>
  <name>Information link (2)</name>
  <parentId>5d2f66f2-17be-4ff4-90f2-1f2a7fecff59</parentId>
  <path>/Dev_denis/Sub1/SubSub1/Information link (2)</path>
  <properties>
    <property>
      <key>InformationLinkReference</key>
      <value>56a2dd04-11b1-4519-b800-7646a53c23ef</value>
    </property>
  </properties>
  <parameterReferences />
  <elementRefs>
    <reference>
      <elementId>c75362eb-2c1e-4d75-a749-a26c29677a78</elementId>
      <hidden>false</hidden>
      <promptGroup>0</promptGroup>
      <properties>
        <property>
          <key>Spotfire.Group</key>
          <value>0</value>
        </property>
      </properties>
    </reference>
  </elementRefs>
  <joins />
  <SQL />
  <preProcedureRefs />
  <postProcedureRefs />
  <staticFilters xsi:nil="true" />
  <promptableFilters xsi:nil="true" />
  <namedParameterDefinitions />
</InformationLink>