<?xml version="1.0"?>
<InformationLink xmlns:xsd="http://www.w3.org/2001/XMLSchema" xmlns:xsi="http://www.w3.org/2001/XMLSchema-instance">
  <id>56a2dd04-11b1-4519-b800-7646a53c23ef</id>
  <name>Information link (2)</name>
  <parentId>b45e90d3-0303-4267-8578-9dede897e5d6</parentId>
  <path>/Dev_denis/Information link (2)</path>
  <properties>
    <property>
      <key>InformationLinkReference</key>
      <value>56a2dd04-11b1-4519-b800-7646a53c23ef</value>
    </property>
  </properties>
  <parameterReferences />
  <elementRefs>
    <reference>
      <elementId>c75362eb-2c1e-4d75-a749-a26c29677a78</elementId>
      <hidden>false</hidden>
      <promptGroup>0</promptGroup>
      <properties>
        <property>
          <key>Spotfire.Group</key>
          <value>0</value>
        </property>
      </properties>
    </reference>
  </elementRefs>
  <joins />
  <SQL />
  <preProcedureRefs />
  <postProcedureRefs />
  <staticFilters xsi:nil="true" />
  <promptableFilters xsi:nil="true" />
  <namedParameterDefinitions />
</InformationLink>