<?xml version="1.0"?>
<InformationLink xmlns:xsd="http://www.w3.org/2001/XMLSchema" xmlns:xsi="http://www.w3.org/2001/XMLSchema-instance">
  <id>b9274479-5cdb-4f11-80b0-9b0fd7ab4d6d</id>
  <name>PageNameInformation link</name>
  <parentId>52f4cf0c-fe00-4758-8c50-c555fc43f694</parentId>
  <path>/Dev_denis/Sub2/PageNameInformation link</path>
  <properties>
    <property>
      <key>InformationLinkReference</key>
      <value>b9274479-5cdb-4f11-80b0-9b0fd7ab4d6d</value>
    </property>
  </properties>
  <parameterReferences />
  <elementRefs>
    <reference>
      <elementId>b4a18067-19fb-40d1-8b7a-2f875383b312</elementId>
      <hidden>false</hidden>
      <promptGroup>0</promptGroup>
      <properties>
        <property>
          <key>Spotfire.Group</key>
          <value>0</value>
        </property>
      </properties>
    </reference>
  </elementRefs>
  <joins />
  <SQL />
  <preProcedureRefs />
  <postProcedureRefs />
  <staticFilters xsi:nil="true" />
  <promptableFilters xsi:nil="true" />
  <namedParameterDefinitions />
</InformationLink>