<?xml version="1.0"?>
<Column xmlns:xsd="http://www.w3.org/2001/XMLSchema" xmlns:xsi="http://www.w3.org/2001/XMLSchema-instance">
  <id>8bad8197-7256-418a-8270-e0553fb56f83</id>
  <name>ColumnTEST1</name>
  <parentId>3cfdc308-776a-474c-a2b1-09dad69240d1</parentId>
  <path>/Dev_Denis_Test1/Sub2/ColumnTEST1</path>
  <properties />
  <parameterReferences xsi:nil="true" />
  <filterColumns xsi:nil="true" />
  <calculation>%1</calculation>
  <dataType>string</dataType>
  <drillable>false</drillable>
  <sourceColumns>
    <column>
      <dataSourceId>523fa6ce-c76a-45a6-a154-da3b32f8910d</dataSourceId>
      <dataSourceName>Data source 1(removed at Tue Dec 05 10:48:04 UTC 2023)</dataSourceName>
      <schema>INFORMATION_SCHEMA</schema>
      <catalog>BIVC_test</catalog>
      <table>COLUMN_DOMAIN_USAGE</table>
      <column>DOMAIN_CATALOG</column>
    </column>
    <column>
      <dataSourceId>523fa6ce-c76a-45a6-a154-da3b32f8910d</dataSourceId>
      <dataSourceName>Data source 1(removed at Tue Dec 05 10:48:04 UTC 2023)</dataSourceName>
      <schema>INFORMATION_SCHEMA</schema>
      <catalog>BIVC_test</catalog>
      <table>COLUMN_DOMAIN_USAGE</table>
      <column>DOMAIN_SCHEMA</column>
    </column>
    <column>
      <dataSourceId>523fa6ce-c76a-45a6-a154-da3b32f8910d</dataSourceId>
      <dataSourceName>Data source 1(removed at Tue Dec 05 10:48:04 UTC 2023)</dataSourceName>
      <schema>INFORMATION_SCHEMA</schema>
      <catalog>BIVC_test</catalog>
      <table>COLUMN_DOMAIN_USAGE</table>
      <column>DOMAIN_NAME</column>
    </column>
    <column>
      <dataSourceId>523fa6ce-c76a-45a6-a154-da3b32f8910d</dataSourceId>
      <dataSourceName>Data source 1(removed at Tue Dec 05 10:48:04 UTC 2023)</dataSourceName>
      <schema>INFORMATION_SCHEMA</schema>
      <catalog>BIVC_test</catalog>
      <table>COLUMN_DOMAIN_USAGE</table>
      <column>TABLE_CATALOG</column>
    </column>
    <column>
      <dataSourceId>523fa6ce-c76a-45a6-a154-da3b32f8910d</dataSourceId>
      <dataSourceName>Data source 1(removed at Tue Dec 05 10:48:04 UTC 2023)</dataSourceName>
      <schema>INFORMATION_SCHEMA</schema>
      <catalog>BIVC_test</catalog>
      <table>COLUMN_DOMAIN_USAGE</table>
      <column>TABLE_SCHEMA</column>
    </column>
    <column>
      <dataSourceId>523fa6ce-c76a-45a6-a154-da3b32f8910d</dataSourceId>
      <dataSourceName>Data source 1(removed at Tue Dec 05 10:48:04 UTC 2023)</dataSourceName>
      <schema>INFORMATION_SCHEMA</schema>
      <catalog>BIVC_test</catalog>
      <table>COLUMN_DOMAIN_USAGE</table>
      <column>TABLE_NAME</column>
    </column>
    <column>
      <dataSourceId>523fa6ce-c76a-45a6-a154-da3b32f8910d</dataSourceId>
      <dataSourceName>Data source 1(removed at Tue Dec 05 10:48:04 UTC 2023)</dataSourceName>
      <schema>INFORMATION_SCHEMA</schema>
      <catalog>BIVC_test</catalog>
      <table>COLUMN_DOMAIN_USAGE</table>
      <column>COLUMN_NAME</column>
    </column>
    <column>
      <dataSourceId>523fa6ce-c76a-45a6-a154-da3b32f8910d</dataSourceId>
      <dataSourceName>Data source 1(removed at Tue Dec 05 10:48:04 UTC 2023)</dataSourceName>
      <schema>INFORMATION_SCHEMA</schema>
      <catalog>BIVC_test</catalog>
      <table>COLUMNS</table>
      <column>TABLE_CATALOG</column>
    </column>
    <column>
      <dataSourceId>523fa6ce-c76a-45a6-a154-da3b32f8910d</dataSourceId>
      <dataSourceName>Data source 1(removed at Tue Dec 05 10:48:04 UTC 2023)</dataSourceName>
      <schema>INFORMATION_SCHEMA</schema>
      <catalog>BIVC_test</catalog>
      <table>COLUMNS</table>
      <column>TABLE_SCHEMA</column>
    </column>
    <column>
      <dataSourceId>523fa6ce-c76a-45a6-a154-da3b32f8910d</dataSourceId>
      <dataSourceName>Data source 1(removed at Tue Dec 05 10:48:04 UTC 2023)</dataSourceName>
      <schema>INFORMATION_SCHEMA</schema>
      <catalog>BIVC_test</catalog>
      <table>COLUMNS</table>
      <column>TABLE_NAME</column>
    </column>
    <column>
      <dataSourceId>523fa6ce-c76a-45a6-a154-da3b32f8910d</dataSourceId>
      <dataSourceName>Data source 1(removed at Tue Dec 05 10:48:04 UTC 2023)</dataSourceName>
      <schema>INFORMATION_SCHEMA</schema>
      <catalog>BIVC_test</catalog>
      <table>COLUMNS</table>
      <column>COLUMN_NAME</column>
    </column>
    <column>
      <dataSourceId>523fa6ce-c76a-45a6-a154-da3b32f8910d</dataSourceId>
      <dataSourceName>Data source 1(removed at Tue Dec 05 10:48:04 UTC 2023)</dataSourceName>
      <schema>INFORMATION_SCHEMA</schema>
      <catalog>BIVC_test</catalog>
      <table>COLUMNS</table>
      <column>ORDINAL_POSITION</column>
    </column>
    <column>
      <dataSourceId>523fa6ce-c76a-45a6-a154-da3b32f8910d</dataSourceId>
      <dataSourceName>Data source 1(removed at Tue Dec 05 10:48:04 UTC 2023)</dataSourceName>
      <schema>INFORMATION_SCHEMA</schema>
      <catalog>BIVC_test</catalog>
      <table>COLUMNS</table>
      <column>COLUMN_DEFAULT</column>
    </column>
    <column>
      <dataSourceId>523fa6ce-c76a-45a6-a154-da3b32f8910d</dataSourceId>
      <dataSourceName>Data source 1(removed at Tue Dec 05 10:48:04 UTC 2023)</dataSourceName>
      <schema>INFORMATION_SCHEMA</schema>
      <catalog>BIVC_test</catalog>
      <table>COLUMNS</table>
      <column>IS_NULLABLE</column>
    </column>
    <column>
      <dataSourceId>523fa6ce-c76a-45a6-a154-da3b32f8910d</dataSourceId>
      <dataSourceName>Data source 1(removed at Tue Dec 05 10:48:04 UTC 2023)</dataSourceName>
      <schema>INFORMATION_SCHEMA</schema>
      <catalog>BIVC_test</catalog>
      <table>COLUMNS</table>
      <column>DATA_TYPE</column>
    </column>
    <column>
      <dataSourceId>523fa6ce-c76a-45a6-a154-da3b32f8910d</dataSourceId>
      <dataSourceName>Data source 1(removed at Tue Dec 05 10:48:04 UTC 2023)</dataSourceName>
      <schema>INFORMATION_SCHEMA</schema>
      <catalog>BIVC_test</catalog>
      <table>COLUMNS</table>
      <column>CHARACTER_MAXIMUM_LENGTH</column>
    </column>
    <column>
      <dataSourceId>523fa6ce-c76a-45a6-a154-da3b32f8910d</dataSourceId>
      <dataSourceName>Data source 1(removed at Tue Dec 05 10:48:04 UTC 2023)</dataSourceName>
      <schema>INFORMATION_SCHEMA</schema>
      <catalog>BIVC_test</catalog>
      <table>COLUMNS</table>
      <column>CHARACTER_OCTET_LENGTH</column>
    </column>
    <column>
      <dataSourceId>523fa6ce-c76a-45a6-a154-da3b32f8910d</dataSourceId>
      <dataSourceName>Data source 1(removed at Tue Dec 05 10:48:04 UTC 2023)</dataSourceName>
      <schema>INFORMATION_SCHEMA</schema>
      <catalog>BIVC_test</catalog>
      <table>COLUMNS</table>
      <column>NUMERIC_PRECISION</column>
    </column>
    <column>
      <dataSourceId>523fa6ce-c76a-45a6-a154-da3b32f8910d</dataSourceId>
      <dataSourceName>Data source 1(removed at Tue Dec 05 10:48:04 UTC 2023)</dataSourceName>
      <schema>INFORMATION_SCHEMA</schema>
      <catalog>BIVC_test</catalog>
      <table>COLUMNS</table>
      <column>NUMERIC_PRECISION_RADIX</column>
    </column>
    <column>
      <dataSourceId>523fa6ce-c76a-45a6-a154-da3b32f8910d</dataSourceId>
      <dataSourceName>Data source 1(removed at Tue Dec 05 10:48:04 UTC 2023)</dataSourceName>
      <schema>INFORMATION_SCHEMA</schema>
      <catalog>BIVC_test</catalog>
      <table>COLUMNS</table>
      <column>NUMERIC_SCALE</column>
    </column>
    <column>
      <dataSourceId>523fa6ce-c76a-45a6-a154-da3b32f8910d</dataSourceId>
      <dataSourceName>Data source 1(removed at Tue Dec 05 10:48:04 UTC 2023)</dataSourceName>
      <schema>INFORMATION_SCHEMA</schema>
      <catalog>BIVC_test</catalog>
      <table>COLUMNS</table>
      <column>DATETIME_PRECISION</column>
    </column>
    <column>
      <dataSourceId>523fa6ce-c76a-45a6-a154-da3b32f8910d</dataSourceId>
      <dataSourceName>Data source 1(removed at Tue Dec 05 10:48:04 UTC 2023)</dataSourceName>
      <schema>INFORMATION_SCHEMA</schema>
      <catalog>BIVC_test</catalog>
      <table>COLUMNS</table>
      <column>CHARACTER_SET_CATALOG</column>
    </column>
    <column>
      <dataSourceId>523fa6ce-c76a-45a6-a154-da3b32f8910d</dataSourceId>
      <dataSourceName>Data source 1(removed at Tue Dec 05 10:48:04 UTC 2023)</dataSourceName>
      <schema>INFORMATION_SCHEMA</schema>
      <catalog>BIVC_test</catalog>
      <table>COLUMNS</table>
      <column>CHARACTER_SET_SCHEMA</column>
    </column>
    <column>
      <dataSourceId>523fa6ce-c76a-45a6-a154-da3b32f8910d</dataSourceId>
      <dataSourceName>Data source 1(removed at Tue Dec 05 10:48:04 UTC 2023)</dataSourceName>
      <schema>INFORMATION_SCHEMA</schema>
      <catalog>BIVC_test</catalog>
      <table>COLUMNS</table>
      <column>CHARACTER_SET_NAME</column>
    </column>
    <column>
      <dataSourceId>523fa6ce-c76a-45a6-a154-da3b32f8910d</dataSourceId>
      <dataSourceName>Data source 1(removed at Tue Dec 05 10:48:04 UTC 2023)</dataSourceName>
      <schema>INFORMATION_SCHEMA</schema>
      <catalog>BIVC_test</catalog>
      <table>COLUMNS</table>
      <column>COLLATION_CATALOG</column>
    </column>
    <column>
      <dataSourceId>523fa6ce-c76a-45a6-a154-da3b32f8910d</dataSourceId>
      <dataSourceName>Data source 1(removed at Tue Dec 05 10:48:04 UTC 2023)</dataSourceName>
      <schema>INFORMATION_SCHEMA</schema>
      <catalog>BIVC_test</catalog>
      <table>COLUMNS</table>
      <column>COLLATION_SCHEMA</column>
    </column>
    <column>
      <dataSourceId>523fa6ce-c76a-45a6-a154-da3b32f8910d</dataSourceId>
      <dataSourceName>Data source 1(removed at Tue Dec 05 10:48:04 UTC 2023)</dataSourceName>
      <schema>INFORMATION_SCHEMA</schema>
      <catalog>BIVC_test</catalog>
      <table>COLUMNS</table>
      <column>COLLATION_NAME</column>
    </column>
    <column>
      <dataSourceId>523fa6ce-c76a-45a6-a154-da3b32f8910d</dataSourceId>
      <dataSourceName>Data source 1(removed at Tue Dec 05 10:48:04 UTC 2023)</dataSourceName>
      <schema>INFORMATION_SCHEMA</schema>
      <catalog>BIVC_test</catalog>
      <table>COLUMNS</table>
      <column>DOMAIN_CATALOG</column>
    </column>
    <column>
      <dataSourceId>523fa6ce-c76a-45a6-a154-da3b32f8910d</dataSourceId>
      <dataSourceName>Data source 1(removed at Tue Dec 05 10:48:04 UTC 2023)</dataSourceName>
      <schema>INFORMATION_SCHEMA</schema>
      <catalog>BIVC_test</catalog>
      <table>COLUMNS</table>
      <column>DOMAIN_SCHEMA</column>
    </column>
    <column>
      <dataSourceId>523fa6ce-c76a-45a6-a154-da3b32f8910d</dataSourceId>
      <dataSourceName>Data source 1(removed at Tue Dec 05 10:48:04 UTC 2023)</dataSourceName>
      <schema>INFORMATION_SCHEMA</schema>
      <catalog>BIVC_test</catalog>
      <table>COLUMNS</table>
      <column>DOMAIN_NAME</column>
    </column>
  </sourceColumns>
  <aggregationKeys />
</Column>