<?xml version="1.0"?>
<Column xmlns:xsd="http://www.w3.org/2001/XMLSchema" xmlns:xsi="http://www.w3.org/2001/XMLSchema-instance">
  <id>ad1a50a3-3d50-48d9-8e90-a0b6ee48c548</id>
  <name>Column (2)</name>
  <parentId>ea342540-3451-4de3-acaf-2ce4e58cb462</parentId>
  <path>/Dev_Denis_Test1/Sub1/SubSub1/Column (2)</path>
  <properties />
  <parameterReferences xsi:nil="true" />
  <filterColumns xsi:nil="true" />
  <calculation>%1</calculation>
  <dataType>string</dataType>
  <drillable>false</drillable>
  <sourceColumns>
    <column>
      <dataSourceId>fdddde40-85c5-48af-85e5-6db2ffe73dfa</dataSourceId>
      <dataSourceName>Data source(removed at Fri Dec 01 09:18:03 UTC 2023)</dataSourceName>
      <schema>sys</schema>
      <catalog>AlertingAndMonitoring</catalog>
      <table>all_columns</table>
      <column>name</column>
    </column>
  </sourceColumns>
  <aggregationKeys />
</Column>