<?xml version="1.0"?>
<Column xmlns:xsd="http://www.w3.org/2001/XMLSchema" xmlns:xsi="http://www.w3.org/2001/XMLSchema-instance">
  <id>5e8f254b-a9e3-468e-bb7f-373b0e4deacd</id>
  <name>dev_denis_city_name</name>
  <parentId>345d037c-84e8-4e47-9d8f-a64e338ebd2a</parentId>
  <path>/DEV_Denis2/New Folder1/dev_denis_city_name</path>
  <properties />
  <parameterReferences xsi:nil="true" />
  <filterColumns xsi:nil="true" />
  <calculation>%1</calculation>
  <dataType>string</dataType>
  <drillable>false</drillable>
  <sourceColumns>
    <column>
      <dataSourceId>8eee4a9f-1fdd-4fa6-8777-65581fba8795</dataSourceId>
      <dataSourceName>dev_denis_Data source</dataSourceName>
      <schema>dbo</schema>
      <catalog>BIVC_test</catalog>
      <table>City</table>
      <column>city_name</column>
    </column>
  </sourceColumns>
  <aggregationKeys />
</Column>