<?xml version="1.0"?>
<Column xmlns:xsd="http://www.w3.org/2001/XMLSchema" xmlns:xsi="http://www.w3.org/2001/XMLSchema-instance">
  <id>ccca709a-9d52-42c7-94ea-f4dfb2d72211</id>
  <name>dev_denis_column</name>
  <parentId>817de4a3-9c80-4668-a927-5740836240dd</parentId>
  <path>/Denis_Dev/Fold1/dev_denis_column</path>
  <properties />
  <parameterReferences xsi:nil="true" />
  <filterColumns xsi:nil="true" />
  <calculation>%1</calculation>
  <dataType>string</dataType>
  <drillable>false</drillable>
  <sourceColumns>
    <column>
      <dataSourceId>8eee4a9f-1fdd-4fa6-8777-65581fba8795</dataSourceId>
      <dataSourceName>dev_denis_Data source</dataSourceName>
      <schema>dbo</schema>
      <catalog>BIVC_test</catalog>
      <table>City</table>
      <column>country_name</column>
    </column>
  </sourceColumns>
  <aggregationKeys />
</Column>