<?xml version="1.0"?>
<Column xmlns:xsd="http://www.w3.org/2001/XMLSchema" xmlns:xsi="http://www.w3.org/2001/XMLSchema-instance">
  <id>d40ac058-ae4b-43dd-8d21-937b26acff1e</id>
  <name>ColumnTEST</name>
  <parentId>165e5b98-62fd-4294-a7f4-2022db2c72e6</parentId>
  <path>/Dev_Denis_Test1/ColumnTEST</path>
  <properties />
  <parameterReferences xsi:nil="true" />
  <filterColumns xsi:nil="true" />
  <calculation>%1</calculation>
  <dataType>string</dataType>
  <drillable>false</drillable>
  <sourceColumns>
    <column>
      <dataSourceId>523fa6ce-c76a-45a6-a154-da3b32f8910d</dataSourceId>
      <dataSourceName>Data source 1(removed at Tue Dec 05 10:48:04 UTC 2023)(removed at Sat Dec 09 12:18:04 UTC 2023)</dataSourceName>
      <schema>INFORMATION_SCHEMA</schema>
      <catalog>BIVC_test</catalog>
      <table>COLUMN_DOMAIN_USAGE</table>
      <column>DOMAIN_CATALOG</column>
    </column>
    <column>
      <dataSourceId>523fa6ce-c76a-45a6-a154-da3b32f8910d</dataSourceId>
      <dataSourceName>Data source 1(removed at Tue Dec 05 10:48:04 UTC 2023)(removed at Sat Dec 09 12:18:04 UTC 2023)</dataSourceName>
      <schema>INFORMATION_SCHEMA</schema>
      <catalog>BIVC_test</catalog>
      <table>COLUMN_DOMAIN_USAGE</table>
      <column>DOMAIN_SCHEMA</column>
    </column>
    <column>
      <dataSourceId>523fa6ce-c76a-45a6-a154-da3b32f8910d</dataSourceId>
      <dataSourceName>Data source 1(removed at Tue Dec 05 10:48:04 UTC 2023)(removed at Sat Dec 09 12:18:04 UTC 2023)</dataSourceName>
      <schema>INFORMATION_SCHEMA</schema>
      <catalog>BIVC_test</catalog>
      <table>COLUMN_DOMAIN_USAGE</table>
      <column>DOMAIN_NAME</column>
    </column>
    <column>
      <dataSourceId>523fa6ce-c76a-45a6-a154-da3b32f8910d</dataSourceId>
      <dataSourceName>Data source 1(removed at Tue Dec 05 10:48:04 UTC 2023)(removed at Sat Dec 09 12:18:04 UTC 2023)</dataSourceName>
      <schema>INFORMATION_SCHEMA</schema>
      <catalog>BIVC_test</catalog>
      <table>COLUMN_DOMAIN_USAGE</table>
      <column>TABLE_CATALOG</column>
    </column>
    <column>
      <dataSourceId>523fa6ce-c76a-45a6-a154-da3b32f8910d</dataSourceId>
      <dataSourceName>Data source 1(removed at Tue Dec 05 10:48:04 UTC 2023)(removed at Sat Dec 09 12:18:04 UTC 2023)</dataSourceName>
      <schema>INFORMATION_SCHEMA</schema>
      <catalog>BIVC_test</catalog>
      <table>COLUMN_DOMAIN_USAGE</table>
      <column>TABLE_SCHEMA</column>
    </column>
    <column>
      <dataSourceId>523fa6ce-c76a-45a6-a154-da3b32f8910d</dataSourceId>
      <dataSourceName>Data source 1(removed at Tue Dec 05 10:48:04 UTC 2023)(removed at Sat Dec 09 12:18:04 UTC 2023)</dataSourceName>
      <schema>INFORMATION_SCHEMA</schema>
      <catalog>BIVC_test</catalog>
      <table>COLUMN_DOMAIN_USAGE</table>
      <column>TABLE_NAME</column>
    </column>
    <column>
      <dataSourceId>523fa6ce-c76a-45a6-a154-da3b32f8910d</dataSourceId>
      <dataSourceName>Data source 1(removed at Tue Dec 05 10:48:04 UTC 2023)(removed at Sat Dec 09 12:18:04 UTC 2023)</dataSourceName>
      <schema>INFORMATION_SCHEMA</schema>
      <catalog>BIVC_test</catalog>
      <table>COLUMN_DOMAIN_USAGE</table>
      <column>COLUMN_NAME</column>
    </column>
  </sourceColumns>
  <aggregationKeys />
</Column>