<?xml version="1.0"?>
<DataSource xmlns:xsd="http://www.w3.org/2001/XMLSchema" xmlns:xsi="http://www.w3.org/2001/XMLSchema-instance">
  <id>e634ae2b-7c6b-4261-9554-9d2e1f3b2d26</id>
  <name>Data source denis test1</name>
  <parentId>a248987c-7dec-4380-a59d-3b806bce6540</parentId>
  <path>/Dev_Denis_Test1/Sub1/Data source denis test1</path>
  <properties>
    <property>
      <key>Spotfire.DataSourceTemplate.DriverClass</key>
      <value>tibcosoftwareinc.jdbc.sqlserver.SQLServerDriver</value>
    </property>
    <property>
      <key>Spotfire.DataSourceTemplate.TypeName</key>
      <value>sqlserver_datadirect</value>
    </property>
  </properties>
  <parameterReferences xsi:nil="true" />
  <dataSourceType>sqlserver_datadirect</dataSourceType>
  <writeAllowed>false</writeAllowed>
  <fetchSize>10000</fetchSize>
  <batchSize>100</batchSize>
  <dataSourceAuthentication>false</dataSourceAuthentication>
  <connectionUrl>jdbc:tibcosoftwareinc:sqlserver://ecsb00300e3a.epam.com</connectionUrl>
  <userName>ixDbUser</userName>
  <password />
  <maxConnections>1</maxConnections>
  <minConnections>1</minConnections>
  <sessionOpenCommands xsi:nil="true" />
  <sessionCloseCommands xsi:nil="true" />
  <initializationCommands />
  <preCommands xsi:nil="true" />
  <postCommands xsi:nil="true" />
  <pingCommand>SELECT 1</pingCommand>
  <credentialsTimeout>86400</credentialsTimeout>
</DataSource>