<?xml version="1.0"?>
<DataSource xmlns:xsd="http://www.w3.org/2001/XMLSchema" xmlns:xsi="http://www.w3.org/2001/XMLSchema-instance">
  <id>8eee4a9f-1fdd-4fa6-8777-65581fba8795</id>
  <name>dev_denis_Data source</name>
  <parentId>639398ed-3a4d-4c47-a433-4f37663be896</parentId>
  <path>/dev_denis1/Folder2/dev_denis_Data source</path>
  <properties>
    <property>
      <key>Spotfire.DataSourceTemplate.DriverClass</key>
      <value>tibcosoftwareinc.jdbc.sqlserver.SQLServerDriver</value>
    </property>
    <property>
      <key>Spotfire.DataSourceTemplate.TypeName</key>
      <value>sqlserver_datadirect</value>
    </property>
  </properties>
  <parameterReferences xsi:nil="true" />
  <dataSourceType>sqlserver_datadirect</dataSourceType>
  <writeAllowed>false</writeAllowed>
  <fetchSize>10000</fetchSize>
  <batchSize>100</batchSize>
  <dataSourceAuthentication>false</dataSourceAuthentication>
  <connectionUrl>jdbc:tibcosoftwareinc:sqlserver://ecsb00300e3a.epam.com</connectionUrl>
  <userName>ixDbUser </userName>
  <password />
  <maxConnections>1</maxConnections>
  <minConnections>1</minConnections>
  <sessionOpenCommands xsi:nil="true" />
  <sessionCloseCommands xsi:nil="true" />
  <initializationCommands />
  <preCommands xsi:nil="true" />
  <postCommands xsi:nil="true" />
  <pingCommand>SELECT 1</pingCommand>
  <credentialsTimeout>86400</credentialsTimeout>
</DataSource>