<?xml version="1.0"?>
<DataSource xmlns:xsd="http://www.w3.org/2001/XMLSchema" xmlns:xsi="http://www.w3.org/2001/XMLSchema-instance">
  <id>f0c55ea9-56ce-46bf-afaf-c659e3831bdc</id>
  <name>QA_Artir_Root_DS</name>
  <parentId>t.ParentId</parentId>
  <path>/Dev_Denis_Test1/QA_Artir_Root_DS</path>
  <properties>
    <property>
      <key>Spotfire.DataSourceTemplate.DriverClass</key>
      <value>tibcosoftwareinc.jdbc.sqlserver.SQLServerDriver</value>
    </property>
    <property>
      <key>Spotfire.DataSourceTemplate.TypeName</key>
      <value>sqlserver_datadirect</value>
    </property>
  </properties>
  <parameterReferences xsi:nil="true" />
  <dataSourceType>sqlserver_datadirect</dataSourceType>
  <writeAllowed>false</writeAllowed>
  <fetchSize>10000</fetchSize>
  <batchSize>100</batchSize>
  <dataSourceAuthentication>false</dataSourceAuthentication>
  <connectionUrl>jdbc:tibcosoftwareinc:sqlserver://ECSB00300E3A.epam.com</connectionUrl>
  <userName>ixDbUser</userName>
  <password />
  <maxConnections>1</maxConnections>
  <minConnections>1</minConnections>
  <sessionOpenCommands xsi:nil="true" />
  <sessionCloseCommands xsi:nil="true" />
  <initializationCommands />
  <preCommands xsi:nil="true" />
  <postCommands xsi:nil="true" />
  <pingCommand>SELECT 1</pingCommand>
  <credentialsTimeout>86400</credentialsTimeout>
</DataSource>